Domain,Status,Attractiveness,Demand,Length,Sectors,Created,Expires,Registrar
brief.delivery,available,124,19%,5,"Business,Education,General,Law",,,
complete.delivery,available,120,21%,8,"Manufacturing,Retail,Technology",,,
wizard.delivery,available,118,42%,6,"Entertainment,Media,Technology",,,
flat.delivery,available,116,24%,4,"Construction,Real Estate",,,
tenth.delivery,available,116,7%,5,Mathematics,,,
equal.delivery,available,116,19%,5,"Education,General,Law",,,
tonic.delivery,resell,114,22%,5,"Health and Fitness,Medicine,Science",23/11/2022 22:21,23/11/2025 22:21,"GoDaddy.com, LLC"
above.delivery,available,112,22%,5,Business,,,
zero.delivery,resell,112,49%,4,Mathematics,29/06/2025 17:00,29/06/2026 17:00,Dynadot Inc
acute.delivery,available,112,9%,5,"Mathematics,Medicine,Science",,,
abstract.delivery,available,108,29%,8,"Arts,Humanities,Science",,,
abiding.delivery,available,106,5%,7,"General,Religion",,,
expert.delivery,available,104,26%,6,"Business,Education,Technology",,,
active.delivery,resell,104,27%,6,"Health and Fitness,Sports,Travel",24/02/2025 17:00,24/02/2026 17:00,Dynadot Inc
teen.delivery,available,104,14%,4,"Education,Entertainment,Healthcare",,,
captive.delivery,available,102,14%,7,"Entertainment,Hospitality,Technology",,,
absent.delivery,available,102,8%,6,"Business,Education,Technology",,,
extra.delivery,available,102,26%,5,"Fashion,Retail,Technology",,,
eight.delivery,available,102,23%,5,"General,Mathematics",,,
adjunct.delivery,available,100,5%,7,Education,,,
sixth.delivery,available,100,8%,5,Mathematics,,,
eighth.delivery,available,100,6%,6,Mathematics,,,
third.delivery,available,100,16%,5,Mathematics,,,
ninth.delivery,available,100,9%,5,Mathematics,,,
crack.delivery,available,100,20%,5,Sports,,,
abrupt.delivery,available,100,3%,6,"Medicine,Science",,,
genius.delivery,expiring,98,46%,6,"Arts,Education,Technology",02/09/2023 08:35,02/09/2025 08:35,"NameCheap, Inc."
doable.delivery,available,96,9%,6,"Business,Education,Technology",,,
actual.delivery,available,96,22%,6,"Real Estate,Retail,Technology",,,
academic.delivery,available,96,20%,8,"Education,Humanities,Science",,,
alamode.delivery,available,96,12%,9,Fashion,,,
forgiving.delivery,available,96,3%,9,"Healthcare,Religion",,,
adequate.delivery,available,94,9%,8,"Education,Healthcare,Technology",,,
about.delivery,available,94,28%,5,"Business,General,Media,Technology",,,
around.delivery,available,94,22%,6,"Business,General,Media,Technology",,,
virtuoso.delivery,available,94,16%,8,"Arts,Entertainment",,,
abject.delivery,available,94,7%,6,Humanities,,,
adjective.delivery,available,92,5%,9,Education,,,
twentieth.delivery,available,92,3%,9,Mathematics,,,
exemplary.delivery,available,92,5%,9,"Business,Education,Healthcare",,,
nought.delivery,available,92,4%,6,Mathematics,,,
adept.delivery,available,92,24%,5,"Education,Health and Fitness,Sports",,,
derelict.delivery,available,92,7%,8,"Construction,Real Estate",,,
abroad.delivery,available,92,12%,6,"Hospitality,Travel",,,
neutral.delivery,available,92,20%,7,"Business,Media,Politics",,,
clear.delivery,resell,90,47%,5,"Manufacturing,Retail,Technology",27/11/2024 13:50,27/11/2025 13:50,Domain Science Kutatási Szolgáltató Korlátolt Felelősségű Társaság
abortive.delivery,available,90,1%,8,"Medicine,Science",,,
adoring.delivery,available,90,2%,7,"Entertainment,Fashion,Retail",,,
riveting.delivery,available,90,6%,8,"Entertainment,Media,Technology",,,
leash.delivery,available,90,7%,5,"General,Health and Fitness,Retail",,,
addictive.delivery,available,90,9%,9,Healthcare,,,
gripping.delivery,available,90,3%,8,"Entertainment,Media,Technology",,,
additional.delivery,available,90,8%,10,"Fashion,Retail,Technology",,,
endearing.delivery,available,90,1%,9,"Entertainment,Fashion,Retail",,,
eleven.delivery,available,88,33%,6,Mathematics,,,
hundred.delivery,available,88,14%,7,Mathematics,,,
fifteen.delivery,available,88,13%,7,Mathematics,,,
ten.delivery,available,88,28%,3,"General,Mathematics",,,
sixteen.delivery,available,88,11%,7,Mathematics,,,
actionable.delivery,available,88,13%,10,"Business,Law",,,
activist.delivery,available,88,12%,8,"Humanities,Politics",,,
twelve.delivery,available,88,18%,6,"General,Mathematics",,,
wide.delivery,available,88,18%,4,"Business,Media,Technology",,,
proficient.delivery,available,88,8%,10,"Education,Health and Fitness,Sports",,,
adlib.delivery,available,88,7%,6,Entertainment,,,
ace.delivery,available,88,34%,3,Sports,,,
three.delivery,resell,88,24%,5,Mathematics,29/09/2016 23:21,29/09/2026 23:21,"GoDaddy.com, LLC"
aboriginal.delivery,available,86,10%,10,Humanities,,,
adolescent.delivery,available,86,3%,10,"Education,Entertainment,Healthcare",,,
intent.delivery,available,86,25%,6,"Business,Education,Technology",,,
extempore.delivery,available,86,3%,9,Entertainment,,,
xiv.delivery,available,86,12%,3,Mathematics,,,
engrossing.delivery,available,86,0%,10,"Entertainment,Media,Technology",,,
attendant.delivery,available,86,5%,9,"Healthcare,Hospitality,Transportation",,,
star.delivery,available,86,40%,4,"Entertainment,Media,Sports",,,
cipher.delivery,available,86,29%,6,Mathematics,,,
xix.delivery,available,86,11%,3,Mathematics,,,
recondite.delivery,available,86,4%,9,"Arts,Humanities,Science",,,
adjustable.delivery,available,84,3%,10,"Manufacturing,Retail,Technology",,,
grand.delivery,available,84,25%,5,"Finance,General",,,
twentytwo.delivery,available,84,11%,10,Mathematics,,,
thousand.delivery,available,84,8%,8,Mathematics,,,
acting.delivery,available,84,12%,6,Entertainment,,,
fourteen.delivery,available,84,8%,8,Mathematics,,,
thirteen.delivery,available,84,10%,8,Mathematics,,,
nineteen.delivery,available,84,8%,8,Mathematics,,,
twentyone.delivery,available,84,13%,10,Mathematics,,,
seventeen.delivery,available,84,7%,9,Mathematics,,,
deviate.delivery,available,84,12%,7,"Medicine,Science",,,
sharp.delivery,available,84,34%,5,"Arts,Fashion",,,
accessory.delivery,available,84,8%,9,"Fashion,Retail,Technology",,,
decade.delivery,available,82,10%,6,Mathematics,,,
abkhaz.delivery,available,82,1%,6,Geography,,,
abroach.delivery,available,82,1%,7,Food and Beverage,,,
fivesome.delivery,available,82,1%,8,Sports,,,
altered.delivery,available,82,9%,7,"Medicine,Science",,,
cleansing.delivery,available,82,3%,9,Health and Fitness,,,
enduring.delivery,available,82,9%,8,"Health and Fitness,Religion",,,
abdominal.delivery,available,82,1%,9,"Health and Fitness,Medicine",,,
absorbent.delivery,available,82,3%,9,"Healthcare,Manufacturing,Retail",,,
abenaki.delivery,available,82,2%,7,Geography,,,
good.delivery,resell,82,47%,4,"Food and Beverage,General,Health and Fitness,Retail",12/06/2025 15:15,12/06/2026 15:15,"Sav.com, LLC - 27"
impromptu.delivery,available,82,16%,9,Entertainment,,,
dozen.delivery,available,82,10%,5,Mathematics,,,
sequent.delivery,available,80,7%,7,"Healthcare,Insurance,Transportation",,,
nine.delivery,available,80,24%,4,"General,Mathematics",,,
two.delivery,available,80,24%,3,Mathematics,,,
capable.delivery,available,80,12%,7,"Business,Education,Technology",,,
forty.delivery,available,80,9%,5,Mathematics,,,
worshipful.delivery,available,80,1%,10,"Education,Healthcare,Religion",,,
some.delivery,available,80,32%,4,"Business,Media,Retail",,,
trio.delivery,available,80,21%,4,Entertainment,,,
abundant.delivery,available,80,19%,8,"Agriculture,Manufacturing,Retail",,,
adoptable.delivery,available,80,3%,9,"Education,Healthcare",,,
wiz.delivery,available,80,30%,3,"Business,Education,Technology",,,
superstar.delivery,available,80,18%,9,Entertainment,,,
absolute.delivery,available,80,25%,8,"Engineering,Mathematics,Science",,,
absorbable.delivery,available,80,0%,10,"Healthcare,Pharmaceuticals,Science",,,
seventh.delivery,available,80,10%,7,Mathematics,,,
dorsal.delivery,available,80,6%,6,"Medicine,Science",,,
able.delivery,available,80,29%,4,"Business,Education,General,Technology",,,
first.delivery,resell,80,36%,5,"General,Mathematics",18/07/2025 15:15,18/07/2026 15:15,"Sav.com, LLC - 42"
twenty.delivery,available,80,12%,6,Mathematics,,,
adorable.delivery,available,78,8%,8,"Entertainment,Fashion,Retail",,,
abkhasian.delivery,available,78,1%,9,Geography,,,
accessible.delivery,available,78,21%,10,"Healthcare,Retail,Technology",,,
athletic.delivery,available,78,15%,8,"Health and Fitness,Sports",,,
adjacent.delivery,available,78,9%,8,"Construction,Real Estate,Retail",,,
abounding.delivery,available,78,2%,9,Agriculture,,,
recognized.delivery,available,78,3%,10,"Business,Education,Technology",,,
absorptive.delivery,available,78,1%,10,"Healthcare,Manufacturing,Retail",,,
adrenal.delivery,available,78,4%,7,"Education,Healthcare,Science",,,
sixtynine.delivery,available,78,8%,10,Mathematics,,,
accepted.delivery,available,78,6%,8,"Business,Education,Technology",,,
abkhazian.delivery,available,78,1%,9,Geography,,,
low.delivery,available,78,20%,3,"Business,Finance",,,
dormant.delivery,available,78,4%,7,"Medicine,Science",,,
acceptable.delivery,available,78,5%,10,"Business,Hospitality,Retail",,,
acceptant.delivery,available,78,1%,9,"Education,Healthcare",,,
accurate.delivery,available,78,16%,8,"Engineering,Mathematics,Science",,,
recognised.delivery,available,78,3%,10,"Business,Education,Technology",,,
twentysix.delivery,available,78,8%,10,Mathematics,,,
honestly.delivery,available,78,9%,8,"Business,Law",,,
accidental.delivery,available,78,11%,10,"Healthcare,Insurance,Transportation",,,
addable.delivery,available,76,2%,7,"Engineering,Mathematics,Science",,,
abrasive.delivery,available,76,6%,8,"Construction,Manufacturing",,,
firstrate.delivery,available,76,6%,10,Business,,,
fifteenth.delivery,available,76,2%,9,Mathematics,,,
acoustic.delivery,available,76,14%,8,Science,,,
ancillary.delivery,available,76,6%,9,"Healthcare,Manufacturing,Technology",,,
hundredth.delivery,available,76,1%,9,Mathematics,,,
resultant.delivery,available,76,2%,9,"Healthcare,Insurance,Transportation",,,
adherent.delivery,available,76,4%,8,"Politics,Religion",,,
adhesive.delivery,available,76,7%,8,"Construction,Manufacturing,Technology",,,
energizing.delivery,available,76,3%,10,"Food and Beverage,Health and Fitness,Travel",,,
eighteen.delivery,available,76,7%,8,Mathematics,,,
adaptable.delivery,available,76,9%,9,"Business,Education,Technology",,,
fourteenth.delivery,available,76,1%,10,Mathematics,,,
ventral.delivery,available,76,3%,7,Science,,,
incidental.delivery,available,76,4%,10,"Healthcare,Insurance,Transportation",,,
thousandth.delivery,available,76,1%,10,Mathematics,,,
adipose.delivery,available,76,2%,7,"Healthcare,Science",,,
threed.delivery,available,76,7%,7,Technology,,,
obscene.delivery,available,76,5%,7,"Entertainment,Media",,,
nineteenth.delivery,available,76,3%,10,Mathematics,,,
auxiliary.delivery,available,76,7%,9,"Healthcare,Manufacturing,Technology",,,
diamond.delivery,resell,76,32%,7,Fashion,27/01/2025 15:22,27/01/2026 15:22,"Sav.com, LLC"
thirteenth.delivery,available,76,4%,10,Mathematics,,,
ague.delivery,available,76,2%,4,"Geography,Medicine,Science",,,
improvise.delivery,available,76,4%,9,Entertainment,,,
adapted.delivery,available,74,6%,7,"Healthcare,Manufacturing,Technology",,,
mavin.delivery,available,74,7%,5,"Entertainment,Fashion,Technology",,,
playing.delivery,available,74,12%,7,Entertainment,,,
realizable.delivery,available,74,1%,10,"Business,Education,Technology",,,
abnormal.delivery,available,74,16%,8,"Medicine,Science",,,
accepting.delivery,available,74,3%,9,"Education,Healthcare",,,
broad.delivery,available,74,13%,5,"Entertainment,General,Media",,,
aberrant.delivery,available,74,6%,8,"Medicine,Science",,,
sensation.delivery,available,74,7%,9,"Entertainment,Media,Sports",,,
supra.delivery,available,74,25%,5,"Medicine,Science",,,
adrenergic.delivery,available,74,1%,10,"Education,Healthcare,Science",,,
cleared.delivery,available,74,7%,7,"Healthcare,Law,Transportation",,,
manageable.delivery,available,74,4%,10,"Business,Education,Technology",,,
achievable.delivery,available,74,4%,10,"Business,Education,Technology",,,
adamant.delivery,available,74,14%,7,Religion,,,
skilful.delivery,available,74,3%,7,"Education,Health and Fitness,Sports",,,
adenoid.delivery,available,74,1%,7,"Health and Fitness,Medicine,Science",,,
admirable.delivery,available,74,5%,9,"Business,Education,Healthcare",,,
acuate.delivery,available,74,2%,6,"Engineering,Medicine,Science",,,
activated.delivery,available,74,9%,9,"Healthcare,Manufacturing,Technology",,,
adiabatic.delivery,available,72,3%,9,"Engineering,Science",,,
absolutist.delivery,available,72,1%,10,"Humanities,Law,Politics",,,
accusative.delivery,available,72,0%,10,"Humanities,Law",,,
ablaze.delivery,available,72,6%,6,Entertainment,,,
adonic.delivery,available,72,2%,6,"Arts,Education,Entertainment",,,
abloom.delivery,available,72,5%,6,Agriculture,,,
deep.delivery,available,72,41%,4,"Engineering,Mathematics,Science",,,
sixtieth.delivery,available,72,1%,8,Mathematics,,,
addicted.delivery,available,72,9%,8,Healthcare,,,
trinity.delivery,available,72,18%,7,Religion,,,
ninetieth.delivery,available,72,1%,9,Mathematics,,,
lovely.delivery,available,72,26%,6,"Entertainment,Fashion,Retail",,,
champion.delivery,available,72,28%,8,"Entertainment,Health and Fitness,Sports",,,
improvize.delivery,available,72,1%,9,Entertainment,,,
trey.delivery,available,72,14%,4,Sports,,,
absorbed.delivery,available,72,2%,8,"Entertainment,Media,Technology",,,
ternary.delivery,available,72,7%,7,Mathematics,,,
adaptative.delivery,available,72,1%,10,"Business,Education,Technology",,,
aching.delivery,available,72,4%,6,Healthcare,,,
seventieth.delivery,available,72,1%,10,Mathematics,,,
engrossed.delivery,available,72,1%,9,"Entertainment,Media,Technology",,,
existent.delivery,available,72,3%,8,"Mathematics,Science",,,
adjectival.delivery,available,72,1%,10,Education,,,
accustomed.delivery,available,72,1%,10,"Business,Education,Humanities",,,
adjunctive.delivery,available,72,1%,10,"Healthcare,Manufacturing,Technology",,,
liv.delivery,available,72,27%,3,Mathematics,,,
abreast.delivery,available,72,2%,7,"Business,Technology",,,
eightieth.delivery,available,72,1%,9,Mathematics,,,
skillful.delivery,available,70,9%,8,"Education,Health and Fitness,Sports",,,
offhand.delivery,available,70,2%,7,Entertainment,,,
tiptop.delivery,available,70,24%,6,Fashion,,,
stillborn.delivery,available,70,2%,9,"Medicine,Science",,,
consequent.delivery,available,70,3%,10,"Business,Education,General,Technology",,,
absorbing.delivery,available,70,3%,9,"Entertainment,Media,Technology",,,
acuminate.delivery,available,70,1%,9,"Engineering,Medicine,Science",,,
miserable.delivery,available,70,4%,9,Humanities,,,
lowdown.delivery,available,70,6%,8,"Entertainment,Media",,,
recumbent.delivery,available,70,2%,9,"Healthcare,Medicine,Science",,,
accumbent.delivery,available,70,1%,9,"Healthcare,Medicine,Science",,,
gymnastic.delivery,available,70,3%,9,"Entertainment,Sports",,,
adjusted.delivery,available,70,5%,8,"Manufacturing,Retail,Technology",,,
admired.delivery,available,70,5%,7,"Business,Education,Healthcare",,,
abulic.delivery,available,70,1%,6,Medicine,,,
abradant.delivery,available,70,1%,8,"Construction,Manufacturing",,,
practiced.delivery,available,70,3%,9,"Education,Health and Fitness,Sports",,,
adamantine.delivery,available,70,4%,10,Religion,,,
adored.delivery,available,70,6%,6,"Entertainment,Fashion,Retail",,,
achaean.delivery,available,68,2%,7,Humanities,,,
aculeate.delivery,available,68,1%,8,"Engineering,Medicine,Science",,,
octonary.delivery,available,68,1%,8,Mathematics,,,
activating.delivery,available,68,3%,10,"Healthcare,Manufacturing,Technology",,,
scurvy.delivery,available,68,3%,6,Humanities,,,
overseas.delivery,available,68,12%,8,"Hospitality,Travel",,,
sevener.delivery,available,68,1%,7,Mathematics,,,
threesome.delivery,available,68,5%,9,Entertainment,,,
stygian.delivery,available,68,5%,7,Humanities,,,
ablative.delivery,available,68,3%,8,Science,,,
fiftieth.delivery,available,68,0%,8,Mathematics,,,
abducent.delivery,available,68,0%,8,Medicine,,,
decorated.delivery,available,68,3%,9,"Entertainment,Fashion,Retail",,,
acerate.delivery,available,68,1%,7,Science,,,
licensed.delivery,available,68,5%,8,"Business,Healthcare,Insurance",,,
ane.delivery,available,68,12%,3,Mathematics,,,
vindicated.delivery,available,68,2%,10,"Humanities,Law,Politics",,,
abnaki.delivery,available,68,1%,6,Geography,,,
accredited.delivery,available,68,9%,10,"Business,Education,Healthcare",,,
licenced.delivery,available,68,2%,8,"Business,Healthcare,Insurance",,,
abkhas.delivery,available,68,0%,6,Geography,,,
thirtieth.delivery,available,68,1%,9,Mathematics,,,
foursome.delivery,available,68,4%,8,Sports,,,
aberdonian.delivery,available,68,1%,10,Geography,,,
aroused.delivery,available,68,3%,7,"Entertainment,Health and Fitness",,,
disciple.delivery,available,68,14%,8,"Education,Religion",,,
fortieth.delivery,available,68,0%,8,Mathematics,,,
ennead.delivery,available,68,5%,6,Mathematics,,,
septenary.delivery,available,68,1%,9,Mathematics,,,
achaian.delivery,available,68,2%,7,Humanities,,,
xxv.delivery,available,66,6%,3,Mathematics,,,
modish.delivery,available,66,5%,6,Fashion,,,
clv.delivery,available,66,10%,3,Mathematics,,,
eighty.delivery,available,66,6%,6,Mathematics,,,
adorned.delivery,available,66,5%,7,"Entertainment,Fashion,Retail",,,
latest.delivery,available,66,18%,6,Technology,,,
five.delivery,available,66,26%,4,Mathematics,,,
xxi.delivery,available,66,10%,3,Mathematics,,,
according.delivery,available,66,3%,9,"Business,Education,Technology",,,
teenager.delivery,available,66,4%,8,"Education,Entertainment,Healthcare",,,
sextet.delivery,available,66,1%,6,Entertainment,,,
xii.delivery,available,66,10%,3,Mathematics,,,
adopted.delivery,available,66,4%,7,"Education,Healthcare",,,
century.delivery,available,66,17%,7,Education,,,
xxii.delivery,available,66,6%,4,Mathematics,,,
tenner.delivery,available,66,5%,6,Finance,,,
acrobatic.delivery,available,66,4%,9,"Entertainment,Sports",,,
xvii.delivery,available,66,5%,4,Mathematics,,,
xxvi.delivery,available,66,3%,4,Mathematics,,,
accessary.delivery,available,66,1%,9,"Business,Law,Technology",,,
acervate.delivery,available,66,1%,8,Science,,,
acappella.delivery,available,66,6%,10,Entertainment,,,
fifty.delivery,available,66,12%,5,Mathematics,,,
ninety.delivery,available,66,11%,6,Mathematics,,,
onec.delivery,available,66,6%,5,Mathematics,,,
exonerated.delivery,available,66,2%,10,"Humanities,Law,Politics",,,
maven.delivery,available,66,30%,5,"Entertainment,Fashion,Technology",,,
xviii.delivery,available,66,5%,5,Mathematics,,,
buzzing.delivery,available,66,7%,7,"Entertainment,Media,Technology",,,
six.delivery,available,66,26%,3,Mathematics,,,
xiii.delivery,available,66,9%,4,Mathematics,,,
deuce.delivery,available,66,9%,5,Sports,,,
performing.delivery,available,66,6%,10,Entertainment,,,
abstinent.delivery,available,66,1%,9,"Health and Fitness,Religion",,,
xvi.delivery,available,66,5%,3,Mathematics,,,
scatty.delivery,available,64,1%,6,"Arts,Entertainment,Media",,,
aflame.delivery,available,64,3%,6,Entertainment,,,
nondrinker.delivery,available,64,1%,10,"Health and Fitness,Religion",,,
accordant.delivery,available,64,3%,9,"Arts,Entertainment",,,
rising.delivery,available,64,18%,6,"Construction,Manufacturing,Real Estate",,,
absolved.delivery,available,64,1%,8,"Humanities,Law,Religion",,,
astringent.delivery,available,64,1%,10,"Healthcare,Pharmaceuticals",,,
adagio.delivery,available,64,14%,6,Entertainment,,,
acentric.delivery,available,64,2%,8,Science,,,
deviant.delivery,available,64,12%,7,"Medicine,Science",,,
adoptive.delivery,available,62,1%,8,"Education,Healthcare",,,
ensuant.delivery,available,62,1%,7,"Healthcare,Insurance,Transportation",,,
accrued.delivery,available,62,2%,7,"Banking,Finance,Insurance",,,
activistic.delivery,available,62,1%,10,"Humanities,Politics",,,
eighteenth.delivery,available,62,1%,10,Mathematics,,,
adjuvant.delivery,available,62,5%,8,"Healthcare,Manufacturing,Technology",,,
fortyfour.delivery,available,62,6%,10,Mathematics,,,
aufait.delivery,available,62,3%,7,"Fashion,Media",,,
pungent.delivery,available,62,1%,7,Food and Beverage,,,
eleventh.delivery,available,62,5%,8,Mathematics,,,
longdozen.delivery,available,62,2%,10,Mathematics,,,
sixteenth.delivery,available,62,1%,9,Mathematics,,,
accusing.delivery,available,62,1%,8,Law,,,
twodozen.delivery,available,62,1%,9,Mathematics,,,
aborigine.delivery,available,62,1%,9,Humanities,,,
playacting.delivery,available,62,1%,10,Entertainment,,,
roughly.delivery,available,62,3%,7,"Business,Media,Technology",,,
activation.delivery,available,62,16%,10,"Healthcare,Manufacturing,Technology",,,
cumulative.delivery,available,62,2%,10,"Banking,Finance,Insurance",,,
wrapped.delivery,available,62,13%,7,"Fashion,Hospitality,Retail",,,
exculpated.delivery,available,62,1%,10,"Humanities,Law,Politics",,,
troika.delivery,available,62,8%,6,Politics,,,
acidic.delivery,available,62,5%,6,"Food and Beverage,Science",,,
nail.delivery,available,62,16%,4,"Construction,Fashion,General,Retail",,,
orso.delivery,available,62,9%,5,"Business,Media,Technology",,,
chiliad.delivery,available,62,2%,7,Mathematics,,,
abo.delivery,available,62,15%,3,Science,,,
admissible.delivery,available,62,1%,10,"Education,Healthcare,Law",,,
quartet.delivery,available,62,7%,7,"Arts,Entertainment",,,
aboveboard.delivery,available,60,5%,10,"Business,Law",,,
adnate.delivery,available,60,1%,6,"Agriculture,Manufacturing,Retail",,,
cxxv.delivery,available,60,1%,4,Mathematics,,,
cxx.delivery,available,60,10%,3,Mathematics,,,
clxx.delivery,available,60,3%,4,Mathematics,,,
cxl.delivery,available,60,7%,3,Mathematics,,,
tertiary.delivery,available,60,4%,8,Education,,,
cxxxv.delivery,available,60,2%,5,Mathematics,,,
clxxx.delivery,available,60,1%,5,Mathematics,,,
cxv.delivery,available,60,4%,3,Mathematics,,,
octet.delivery,available,60,12%,5,Arts,,,
idolised.delivery,available,60,1%,8,"Entertainment,Fashion,Retail",,,
abashed.delivery,available,60,1%,7,Humanities,,,
thou.delivery,available,60,7%,4,Mathematics,,,
sixty.delivery,available,60,13%,5,Mathematics,,,
cxlv.delivery,available,60,2%,4,Mathematics,,,
idolized.delivery,available,60,3%,8,"Entertainment,Fashion,Retail",,,
annexal.delivery,available,60,1%,7,"Agriculture,Manufacturing,Retail",,,
adnexal.delivery,available,60,1%,7,"Agriculture,Manufacturing,Retail",,,
abstemious.delivery,available,60,0%,10,"Food and Beverage,Health and Fitness,Hospitality",,,
clxv.delivery,available,60,1%,4,Mathematics,,,
paunchy.delivery,available,60,0%,7,"Health and Fitness,Medicine",,,
clx.delivery,available,60,10%,3,Mathematics,,,
cxxx.delivery,available,60,4%,4,Mathematics,,,
cautionary.delivery,available,60,1%,10,"Business,Education,Healthcare",,,
abstainer.delivery,available,60,0%,9,"Health and Fitness,Religion",,,
clxxv.delivery,available,60,1%,5,Mathematics,,,
xcl.delivery,expiring,60,5%,3,Mathematics,29/08/2023 02:14,29/08/2025 02:14,"GoDaddy.com, LLC"
acceptive.delivery,available,60,1%,9,"Education,Healthcare",,,
tercet.delivery,available,59,2%,6,"Arts,Entertainment,Media",,,
linear.delivery,available,58,22%,6,"Engineering,Mathematics,Science",,,
sextuplet.delivery,available,58,1%,9,Healthcare,,,
abridged.delivery,available,58,4%,8,Media,,,
heptad.delivery,available,58,1%,6,Mathematics,,,
seventy.delivery,available,58,7%,7,Mathematics,,,
enwrapped.delivery,available,58,0%,9,"Entertainment,Fashion,Media",,,
alacarte.delivery,expiring,58,11%,10,Food and Beverage,05/09/2021 13:16,05/09/2025 13:16,GoDaddy Online Services Cayman Islands Ltd.
lxxx.delivery,available,58,2%,4,Mathematics,,,
abused.delivery,available,58,5%,6,"Healthcare,Law",,,
accretive.delivery,available,58,6%,9,"Banking,Finance,Insurance",,,
octad.delivery,available,58,5%,5,Mathematics,,,
sixtyone.delivery,available,58,3%,9,Mathematics,,,
fifth.delivery,available,58,12%,5,Mathematics,,,
tetrad.delivery,available,58,5%,6,Mathematics,,,
ache.delivery,available,58,7%,4,Healthcare,,,
seven.delivery,available,58,36%,5,Mathematics,,,
addible.delivery,available,58,2%,7,"Engineering,Mathematics,Science",,,
fourth.delivery,available,58,13%,6,Mathematics,,,
super.delivery,resell,58,47%,5,Business,21/10/2024 17:00,21/10/2025 17:00,"Sav.com, LLC - 28"
accented.delivery,available,58,3%,8,"Arts,Entertainment",,,
sixer.delivery,available,58,5%,5,Sports,,,
twelfth.delivery,available,58,2%,7,Mathematics,,,
justabout.delivery,available,58,3%,10,"Business,Media,Technology",,,
lxxviii.delivery,available,58,1%,7,Mathematics,,,
abandoned.delivery,available,58,10%,9,"Construction,Real Estate",,,
niner.delivery,available,58,5%,5,Mathematics,,,
adhoc.delivery,available,58,24%,6,"Business,Engineering,Technology",,,
offhanded.delivery,available,58,1%,9,Entertainment,,,
cypher.delivery,available,58,29%,6,Mathematics,,,
acyclic.delivery,available,58,4%,7,"Engineering,Mathematics,Science",,,
adient.delivery,available,58,4%,6,"Medicine,Science",,,
fourscore.delivery,available,58,4%,9,Mathematics,,,
abuzz.delivery,available,58,5%,5,"Entertainment,Media,Technology",,,
acetic.delivery,available,58,1%,6,"Food and Beverage,Science",,,
actuarial.delivery,available,58,8%,9,"Finance,Insurance,Mathematics",,,
centesimal.delivery,available,58,1%,10,Mathematics,,,
hexad.delivery,available,58,4%,5,Mathematics,,,
aucourant.delivery,available,58,3%,10,"Fashion,Media",,,
eighter.delivery,available,58,2%,7,Mathematics,,,
quintet.delivery,available,58,8%,7,"Arts,Entertainment",,,
closeto.delivery,available,58,3%,8,"Business,Media,Technology",,,
accoutred.delivery,available,58,1%,9,"Fashion,Manufacturing,Retail",,,
pentad.delivery,available,58,2%,6,Mathematics,,,
addressed.delivery,available,58,3%,9,"Business,Technology,Telecommunications",,,
adjustive.delivery,available,58,1%,9,"Manufacturing,Retail,Technology",,,
admittable.delivery,available,56,1%,10,"Education,Healthcare,Hospitality",,,
xxiv.delivery,available,56,5%,4,Mathematics,,,
triad.delivery,available,56,15%,5,Arts,,,
fiftysix.delivery,available,56,4%,9,Mathematics,,,
appressed.delivery,available,56,0%,9,"Agriculture,Manufacturing,Retail",,,
xliv.delivery,available,56,2%,4,Mathematics,,,
lii.delivery,available,56,7%,3,Mathematics,,,
xxiii.delivery,available,56,5%,5,Mathematics,,,
fortyone.delivery,available,56,4%,9,Mathematics,,,
admissive.delivery,available,56,1%,9,"Education,Healthcare,Hospitality",,,
xliii.delivery,available,56,1%,5,Mathematics,,,
fortytwo.delivery,available,56,17%,9,Mathematics,,,
fiftytwo.delivery,available,56,6%,9,Mathematics,,,
lvi.delivery,available,56,8%,3,Mathematics,,,
fortysix.delivery,available,56,3%,9,Mathematics,,,
lviii.delivery,available,56,1%,5,Mathematics,,,
thirtyone.delivery,available,56,5%,10,Mathematics,,,
xxix.delivery,available,56,4%,4,Mathematics,,,
fiftyone.delivery,available,56,7%,9,Mathematics,,,
fortynine.delivery,available,56,3%,10,Mathematics,,,
xlii.delivery,available,56,5%,4,Mathematics,,,
xlv.delivery,available,56,6%,3,Mathematics,,,
xlvi.delivery,available,56,3%,4,Mathematics,,,
terzetto.delivery,available,56,3%,8,Arts,,,
abdominous.delivery,available,56,0%,10,"Health and Fitness,Medicine",,,
xxvii.delivery,available,56,3%,5,Mathematics,,,
addled.delivery,available,56,2%,6,Entertainment,,,
ilx.delivery,available,56,5%,3,Mathematics,,,
xxxvi.delivery,available,56,1%,5,Mathematics,,,
xli.delivery,available,56,5%,3,Mathematics,,,
xlviii.delivery,available,56,1%,6,Mathematics,,,
liii.delivery,available,56,4%,4,Mathematics,,,
xxxvii.delivery,available,56,2%,6,Mathematics,,,
xxxv.delivery,available,56,4%,4,Mathematics,,,
xxxi.delivery,available,56,9%,4,Mathematics,,,
xxxiii.delivery,available,56,2%,6,Mathematics,,,
xlvii.delivery,available,56,2%,5,Mathematics,,,
xxviii.delivery,available,56,1%,6,Mathematics,,,
fiftyfive.delivery,available,56,7%,10,Mathematics,,,
fiftyfour.delivery,available,56,3%,10,Mathematics,,,
abeyant.delivery,available,56,1%,7,"Business,Law",,,
thirtytwo.delivery,available,56,5%,10,Mathematics,,,
thirtysix.delivery,available,56,5%,10,Mathematics,,,
accoutered.delivery,available,56,0%,10,"Fashion,Manufacturing,Retail",,,
potbellied.delivery,available,56,0%,10,"Health and Fitness,Medicine",,,
aone.delivery,available,56,15%,5,Food and Beverage,,,
xxxii.delivery,available,56,1%,5,Mathematics,,,
lvii.delivery,available,56,1%,4,Mathematics,,,
halfdozen.delivery,available,56,1%,10,Mathematics,,,
xxxviii.delivery,available,56,1%,7,Mathematics,,,
fiftynine.delivery,available,56,4%,10,Mathematics,,,
maledict.delivery,available,56,1%,8,Religion,,,
xxxiv.delivery,available,56,1%,5,Mathematics,,,
admittible.delivery,available,56,1%,10,"Education,Healthcare,Hospitality",,,
abducens.delivery,available,54,1%,8,Medicine,,,
adducting.delivery,available,54,1%,9,"Engineering,Mathematics,Science",,,
monitory.delivery,available,54,3%,8,"Business,Education,Healthcare",,,
quaternity.delivery,available,54,4%,10,Mathematics,,,
vii.delivery,available,54,13%,3,Mathematics,,,
fortyfive.delivery,available,54,4%,10,Mathematics,,,
sise.delivery,available,54,5%,4,Mathematics,,,
quatern.delivery,available,54,2%,7,Mathematics,,,
twoscore.delivery,available,54,2%,8,Mathematics,,,
adaxial.delivery,available,54,2%,7,Science,,,
admonitory.delivery,available,54,0%,10,"Business,Education,Healthcare",,,
adpressed.delivery,available,54,0%,9,"Agriculture,Manufacturing,Retail",,,
aboral.delivery,available,54,2%,6,Science,,,
abient.delivery,available,54,1%,6,Science,,,
abasic.delivery,available,54,1%,6,Science,,,
accursed.delivery,available,54,3%,8,"Entertainment,Media,Religion",,,
topnotch.delivery,available,54,18%,8,Business,,,
quintuplet.delivery,available,54,1%,10,"Healthcare,Medicine,Science",,,
abatable.delivery,available,54,1%,8,Law,,,
adductive.delivery,available,54,0%,9,"Engineering,Mathematics,Science",,,
abhorrent.delivery,available,54,1%,9,Humanities,,,
adjuratory.delivery,available,54,0%,10,"Law,Politics,Religion",,,
achromatic.delivery,available,54,4%,10,Science,,,
ternion.delivery,available,54,3%,7,Mathematics,,,
achy.delivery,available,54,3%,4,Healthcare,,,
iii.delivery,available,54,24%,3,Mathematics,,,
deuceace.delivery,available,54,2%,9,Sports,,,
abaxial.delivery,available,54,1%,7,Science,,,
deserted.delivery,available,54,3%,8,"Hospitality,Real Estate",,,
scratchy.delivery,available,54,3%,8,Fashion,,,
threescore.delivery,available,54,1%,10,Mathematics,,,
accentual.delivery,available,54,3%,9,"Arts,Entertainment",,,
quaternion.delivery,available,54,6%,10,Mathematics,,,
actuated.delivery,available,54,2%,8,"Automotive,Manufacturing,Technology",,,
abatic.delivery,available,54,1%,6,Science,,,
unnatural.delivery,available,54,4%,9,"Medicine,Science",,,
viii.delivery,available,54,6%,4,Mathematics,,,
quadruplet.delivery,available,54,1%,10,"Healthcare,Medicine,Science",,,
acoustical.delivery,available,54,4%,10,Science,,,
adducent.delivery,available,54,1%,8,"Engineering,Mathematics,Science",,,
sestet.delivery,available,53,1%,6,Arts,,,
xxx.delivery,available,53,30%,3,"Arts,Entertainment,Media",,,
septet.delivery,available,53,1%,6,General,,,
ixc.delivery,available,52,5%,3,Mathematics,,,
lxii.delivery,available,52,1%,4,Mathematics,,,
tierce.delivery,available,52,3%,6,General,,,
lxxi.delivery,available,52,1%,4,Mathematics,,,
xcviii.delivery,available,52,1%,6,Mathematics,,,
chagrined.delivery,available,52,1%,9,Humanities,,,
lxxxii.delivery,available,52,1%,6,Mathematics,,,
repugnant.delivery,available,52,1%,9,Humanities,,,
lxvi.delivery,available,52,3%,4,Mathematics,,,
lxxxvii.delivery,available,52,1%,7,Mathematics,,,
uphill.delivery,available,52,7%,6,"Sports,Transportation,Travel",,,
lxviii.delivery,available,52,1%,6,Mathematics,,,
lxxxiii.delivery,available,52,1%,7,Mathematics,,,
lxxxv.delivery,available,52,1%,5,Mathematics,,,
lxxvii.delivery,available,52,2%,6,Mathematics,,,
abusive.delivery,available,52,3%,7,"Healthcare,Law",,,
littlejoe.delivery,available,52,2%,10,"Entertainment,Media",,,
lxiv.delivery,available,52,3%,4,Mathematics,,,
odious.delivery,available,52,2%,6,"Entertainment,Humanities",,,
sixtyfive.delivery,available,52,3%,10,Mathematics,,,
xcv.delivery,available,52,7%,3,Mathematics,,,
xci.delivery,available,52,4%,3,Mathematics,,,
lxxxi.delivery,available,52,1%,5,Mathematics,,,
ninetysix.delivery,available,52,4%,10,Mathematics,,,
lxxv.delivery,available,52,1%,4,Mathematics,,,
sixtyfour.delivery,available,52,3%,10,Mathematics,,,
abstruse.delivery,available,52,5%,8,"Humanities,Mathematics,Science",,,
sixtytwo.delivery,available,52,3%,9,Mathematics,,,
lxv.delivery,available,52,5%,3,Mathematics,,,
lxvii.delivery,available,52,1%,5,Mathematics,,,
eightytwo.delivery,available,52,4%,10,Mathematics,,,
adenoidal.delivery,available,52,1%,9,"Health and Fitness,Medicine,Science",,,
xcii.delivery,available,52,2%,4,Mathematics,,,
detestable.delivery,available,52,1%,10,Humanities,,,
lxiii.delivery,available,52,2%,5,Mathematics,,,
ablated.delivery,available,52,1%,7,Science,,,
abominable.delivery,available,52,2%,10,"Entertainment,Humanities",,,
lxxvi.delivery,available,52,1%,5,Mathematics,,,
lxi.delivery,available,52,5%,3,Mathematics,,,
lxxxiv.delivery,available,52,1%,6,Mathematics,,,
aboulic.delivery,available,52,1%,7,Medicine,,,
xcvii.delivery,available,52,1%,5,Mathematics,,,
xciv.delivery,available,52,2%,4,Mathematics,,,
sixtysix.delivery,available,52,4%,9,Mathematics,,,
lxxiv.delivery,available,52,1%,5,Mathematics,,,
ixl.delivery,available,52,9%,3,Mathematics,,,
repulsive.delivery,available,52,1%,9,Humanities,,,
lxxiii.delivery,available,52,1%,6,Mathematics,,,
ninetyone.delivery,available,52,5%,10,Mathematics,,,
abysmal.delivery,available,52,4%,7,"Arts,Entertainment,Media",,,
ninetytwo.delivery,available,52,4%,10,Mathematics,,,
lxxii.delivery,available,52,1%,5,Mathematics,,,
xcvi.delivery,available,52,2%,4,Mathematics,,,
decumbent.delivery,available,52,1%,9,"Healthcare,Medicine,Science",,,
eightyone.delivery,available,52,3%,10,Mathematics,,,
xciii.delivery,available,52,1%,5,Mathematics,,,
lxxxvi.delivery,available,52,1%,6,Mathematics,,,
abranchial.delivery,available,50,0%,10,Science,,,
trine.delivery,available,50,11%,5,"General,Religion",,,
acapnic.delivery,available,50,0%,7,"Healthcare,Medicine,Science",,,
abdicable.delivery,available,50,0%,9,Law,,,
ogdoad.delivery,available,50,1%,6,Mathematics,,,
lxx.delivery,available,50,5%,3,Mathematics,,,
gillless.delivery,available,50,0%,9,Science,,,
aculeated.delivery,available,50,0%,9,"Engineering,Medicine,Science",,,
acellular.delivery,available,50,1%,9,Science,,,
abducting.delivery,available,50,0%,9,Medicine,,,
acerose.delivery,available,50,1%,7,Science,,,
acetose.delivery,available,50,1%,7,Science,,,
scummy.delivery,available,50,1%,6,Humanities,,,
spinous.delivery,available,50,1%,7,"Agriculture,Science",,,
aborticide.delivery,available,50,0%,10,Medicine,,,
abomasal.delivery,available,50,0%,8,Agriculture,,,
adhominem.delivery,available,50,2%,10,"Humanities,Law,Politics",,,
broached.delivery,available,50,0%,8,Food and Beverage,,,
cinque.delivery,available,50,7%,6,Mathematics,,,
vinegary.delivery,available,50,1%,8,Food and Beverage,,,
acerb.delivery,available,50,2%,5,Science,,,
needlelike.delivery,available,50,0%,10,"Engineering,Medicine,Science",,,
quint.delivery,available,50,13%,5,"Arts,Entertainment",,,
adactylous.delivery,available,50,0%,10,Science,,,
triplet.delivery,available,50,8%,7,Science,,,
acapnotic.delivery,available,50,0%,9,"Healthcare,Medicine,Science",,,
acaudal.delivery,available,50,1%,7,"Agriculture,Science",,,
acerbic.delivery,available,50,2%,7,"Arts,Humanities,Media",,,
acquitted.delivery,available,50,1%,9,Law,,,
abactinal.delivery,available,50,0%,9,Science,,,
abbatial.delivery,available,50,0%,8,Religion,,,
acetous.delivery,available,50,1%,7,Science,,,
apriori.delivery,available,48,13%,8,Mathematics,,,
execrable.delivery,available,48,0%,9,"Entertainment,Humanities",,,
notguilty.delivery,available,48,5%,10,Law,,,
ilxxx.delivery,available,48,1%,5,Mathematics,,,
abyssal.delivery,available,48,12%,7,"Arts,Entertainment,Media",,,
lxxxviii.delivery,available,48,1%,8,Mathematics,,,
abstracted.delivery,available,48,5%,10,"Arts,Humanities,Science",,,
ilxx.delivery,available,48,1%,4,Mathematics,,,
acetylic.delivery,available,46,1%,8,Science,,,
stemless.delivery,available,46,2%,8,"Agriculture,Science",,,
acheronian.delivery,available,46,1%,10,Humanities,,,
achromic.delivery,available,46,2%,8,Science,,,
stripling.delivery,available,46,2%,9,"Education,Entertainment,Healthcare",,,
acanthoid.delivery,available,46,1%,9,"Agriculture,Science",,,
acephalous.delivery,available,46,1%,10,Science,,,
acapnial.delivery,available,46,0%,8,"Healthcare,Medicine,Science",,,
acetabular.delivery,available,46,1%,10,Science,,,
achenial.delivery,available,46,1%,8,Science,,,
acaudate.delivery,available,46,1%,8,"Agriculture,Science",,,
acanthous.delivery,available,46,0%,9,"Agriculture,Science",,,
acarpous.delivery,available,46,0%,8,"Agriculture,Science",,,
acetonic.delivery,available,46,1%,8,Science,,,
vinegarish.delivery,available,46,1%,10,Food and Beverage,,,
acarpelous.delivery,available,46,0%,10,"Agriculture,Science",,,
theabsurd.delivery,available,46,1%,10,"Arts,Entertainment,Media",,,
acicular.delivery,available,46,2%,8,Science,,,
acetylenic.delivery,available,46,1%,10,Science,,,
cotyloid.delivery,available,46,1%,8,Science,,,
acanthotic.delivery,available,46,0%,10,"Agriculture,Science",,,
quaternary.delivery,available,46,3%,10,Mathematics,,,
achromous.delivery,available,46,1%,9,Science,,,
cotyloidal.delivery,available,44,1%,10,Science,,,
acherontic.delivery,available,44,1%,10,Humanities,,,
accusatory.delivery,available,44,1%,10,Law,,,
phoebe.delivery,available,41,14%,6,Science,,,
abscessed.delivery,available,41,0%,9,Healthcare,,,
accurst.delivery,available,40,1%,7,Religion,,,
accusive.delivery,available,40,1%,8,Law,,,
scurrilous.delivery,available,40,1%,10,"Entertainment,Media,Politics",,,